Sources,Meand13C,SDd13C,Meand15N,SDd15N,n
A. fragilissima,-14.783571,5.453814,2.011415,0.680823,2
Avrainvillea spp.,-18.216977,2.469203,1.243706,1.473842,3
Dictyota spp.,-15.116695,0.757421,1.031662,0.195846,2
G. obtusata,-16.837741,1.838632,1.710420,0.139162,2
H. monile,-12.376673,0.593756,2.075580,1.143055,2
H. opuntia,-18.315577,0.077782,2.204536,1.692184,2
